"","tmp_file","tmp_start"
"1","764.mp3","30.26"
"2","243.mp3","21.34"
"3","819.mp3","22.79"
"4","839.mp3","24.79"
"5","726.mp3","16.24"
"6","192.mp3","19.6"
"7","623.mp3","36.44"
"8","330.mp3","17.42"
"9","347.mp3","22.92"
"10","985.mp3","35.88"
"11","293.mp3","30.23"
"12","274.mp3","24.47"
"13","617.mp3","18.05"
"14","731.mp3","32.82"
"15","647.mp3","26.8"
"16","977.mp3","24.59"
"17","296.mp3","34.94"
"18","184.mp3","19.97"
"19","362.mp3","37.25"
"20","921.mp3","33.58"
"21","610.mp3","32.86"
"22","643.mp3","24.57"
"23","527.mp3","29.31"
"24","316.mp3","17.13"
"25","535.mp3","32.44"
"26","967.mp3","19.34"
"27","625.mp3","28.19"
"28","854.mp3","32.84"
"29","515.mp3","32.41"
"30","157.mp3","24.58"
"31","620.mp3","30.78"
"32","310.mp3","23.43"
